Date,Category,Units_Sold,Revenue
2024-01-01,Electronics,12,1199.88
2024-01-02,Clothing,25,624.75
2024-01-03,Home & Garden,8,399.92
2024-01-04,Books,15,224.85
2024-01-05,Sports,10,499.90
2024-01-06,Electronics,7,849.93
2024-01-07,Clothing,30,899.70
2024-01-08,Home & Garden,14,559.86
2024-01-09,Books,22,329.78
2024-01-10,Sports,18,719.82
2024-01-11,Electronics,15,1499.85
2024-01-12,Clothing,19,474.81
2024-01-13,Home & Garden,6,239.94
2024-01-14,Books,11,164.89
2024-01-15,Sports,9,449.91
2024-01-16,Electronics,20,1999.80
2024-01-17,Clothing,28,839.72
2024-01-18,Home & Garden,12,479.88
2024-01-19,Books,17,254.83
2024-01-20,Sports,14,559.86
2024-01-21,Electronics,9,1079.91
2024-01-22,Clothing,35,1049.65
2024-01-23,Home & Garden,10,399.90
2024-01-24,Books,26,389.74
2024-01-25,Sports,16,639.84
2024-01-26,Electronics,11,1319.89
2024-01-27,Clothing,22,549.78
2024-01-28,Home & Garden,15,599.85
2024-01-29,Books,19,284.81
2024-01-30,Sports,13,519.87
2024-01-31,Electronics,18,1799.82
2024-02-01,Clothing,31,929.69
2024-02-02,Home & Garden,7,279.93
2024-02-03,Books,14,209.86
2024-02-04,Sports,11,439.89
2024-02-05,Electronics,16,1599.84
2024-02-06,Clothing,27,809.73
2024-02-07,Home & Garden,9,359.91
2024-02-08,Books,21,314.79
2024-02-09,Sports,15,599.85
2024-02-10,Electronics,8,959.92
2024-02-11,Clothing,24,599.76
2024-02-12,Home & Garden,11,439.89
2024-02-13,Books,18,269.82
2024-02-14,Sports,12,479.88
2024-02-15,Electronics,22,2199.78
2024-02-16,Clothing,33,989.67
2024-02-17,Home & Garden,13,519.87
2024-02-18,Books,25,374.75
2024-02-19,Sports,17,679.83
